#{"t_start": 1777575685.8766642, "env_id": "None"}
r,l,t,fire_cells,burning_population,newly_burned,fire_delta,new_ignitions
-188.3,100,0.365496,0,0,0,0.0,0
-203.8,100,0.448735,0,0,0,0.0,0
-214.1,100,0.523481,0,0,0,0.0,0
-43.7,100,0.612164,0,0,0,0.0,0
-210.8,100,0.692937,0,0,0,0.0,0
-198.7,100,0.765122,0,0,0,0.0,0
-104.0,100,0.863523,0,0,0,0.0,0
-210.9,100,0.942583,0,0,0,0.0,0
-192.1,100,1.024079,0,0,0,0.0,0
-221.4,100,1.096957,0,0,0,0.0,0
-119.6,100,1.187907,0,0,0,0.0,0
-223.6,100,1.276206,0,0,0,0.0,0
0.2,100,1.359406,0,0,0,0.0,0
-218.5,100,1.436319,0,0,0,0.0,0
-201.3,100,1.518689,0,0,0,0.0,0
-71.8,100,1.603871,0,0,0,0.0,0
-213.1,100,1.687958,0,0,0,0.0,0
-159.3,100,1.77291,0,0,0,0.0,0
-195.9,100,1.852324,0,0,0,0.0,0
-193.3,100,1.929085,0,0,0,0.0,0
-211.1,100,3.012313,0,0,0,0.0,0
-179.1,100,3.109578,0,0,0,0.0,0
-223.7,100,3.194589,0,0,0,0.0,0
-208.2,100,3.269239,0,0,0,0.0,0
-150.3,100,3.352179,0,0,0,0.0,0
-185.3,100,3.435953,0,0,0,0.0,0
-225.5,100,3.514138,0,0,0,0.0,0
-203.4,100,3.605637,0,0,0,0.0,0
-209.3,100,3.698577,0,0,0,0.0,0
-199.6,100,3.778723,0,0,0,0.0,0
-214.8,100,3.873502,0,0,0,0.0,0
-199.5,100,3.960972,0,0,0,0.0,0
-220.2,100,4.038173,0,0,0,0.0,0
-200.9,100,4.128018,0,0,0,0.0,0
-190.5,100,4.220294,0,0,0,0.0,0
-109.0,100,4.311706,0,0,0,0.0,0
-201.2,100,4.388161,0,0,0,0.0,0
-208.0,100,4.469337,0,0,0,0.0,0
-143.8,100,4.555971,0,0,0,0.0,0
-216.9,100,4.636333,0,0,0,0.0,0
-90.8,100,5.720027,0,0,0,0.0,0
-197.3,100,5.786309,0,0,0,0.0,0
-207.8,100,5.872333,0,0,0,0.0,0
-214.6,100,5.952086,0,0,0,0.0,0
-216.7,100,6.033165,5,0,0,0.0,2
-78.8,100,6.117881,0,0,0,0.0,0
-200.2,100,6.197122,0,0,0,0.0,0
-211.6,100,6.276461,0,0,0,0.0,0
-168.4,100,6.360877,0,0,0,0.0,0
-208.8,100,6.437,0,0,0,0.0,0
-207.5,100,6.521013,0,0,0,0.0,0
-200.1,100,6.606519,0,0,0,0.0,0
-191.7,100,6.678705,0,0,0,0.0,0
-185.5,100,6.770556,0,0,0,0.0,0
-214.1,100,6.849515,0,0,0,0.0,0
-139.9,100,6.936121,0,0,0,0.0,0
-220.9,100,7.023864,0,0,0,0.0,0
-212.6,100,7.104398,0,0,0,0.0,0
-208.0,100,7.189988,0,0,0,0.0,0
-191.8,100,7.264197,0,0,0,0.0,0
-203.9,100,7.346835,0,0,0,0.0,0
-210.8,100,8.418406,0,0,0,0.0,0
-196.5,100,8.494942,0,0,0,0.0,0
-221.8,100,8.569562,0,0,0,0.0,0
-213.2,100,8.652342,0,0,0,0.0,0
-223.7,100,8.759285,0,0,0,0.0,0
-221.0,100,8.839573,0,0,0,0.0,0
-219.8,100,8.92224,0,0,0,0.0,0
-204.7,100,9.002256,0,0,0,0.0,0
-219.2,100,9.08117,0,0,0,0.0,0
-211.7,100,9.171242,0,0,0,0.0,0
-196.2,100,9.260606,0,0,0,0.0,0
-204.8,100,9.338498,0,0,0,0.0,0
-184.4,100,9.426935,0,0,0,0.0,0
-23.2,100,9.505831,0,0,0,0.0,0
-200.3,100,9.588013,0,0,0,0.0,0
-4.6,100,9.673953,0,0,0,0.0,0
-217.4,100,9.744981,0,0,0,0.0,0
-155.8,100,9.83307,0,0,0,0.0,0
-213.4,100,9.907636,0,0,0,0.0,0
-217.0,100,9.99823,0,0,0,0.0,0
-162.6,100,11.081015,0,0,0,0.0,0
-205.5,100,11.153814,0,0,0,0.0,0
-149.5,100,11.243973,0,0,0,0.0,0
-220.8,100,11.320143,0,0,0,0.0,0
-81.7,100,11.403604,0,0,0,0.0,0
-187.5,100,11.47902,0,0,0,0.0,0
-200.7,100,11.553503,0,0,0,0.0,0
-225.0,100,11.640315,0,0,0,0.0,0
-190.0,100,11.710316,0,0,0,0.0,0
-220.7,100,11.811149,0,0,0,0.0,0
-222.8,100,11.906363,0,0,0,0.0,0
-204.5,100,11.995854,0,0,0,0.0,0
-195.7,100,12.09201,0,0,0,0.0,0
-188.0,100,12.178934,0,0,0,0.0,0
-3.0,100,12.269257,0,0,0,0.0,0
-200.9,100,12.360417,0,0,0,0.0,0
-173.6,100,12.46229,0,0,0,0.0,0
-209.1,100,12.546394,0,0,0,0.0,0
-201.5,100,12.638132,0,0,0,0.0,0
-209.2,100,14.208277,0,0,0,0.0,0
-214.0,100,14.294107,0,0,0,0.0,0
-152.7,100,15.450476,0,0,0,0.0,0
-214.2,100,15.526461,0,0,0,0.0,0
-0.6,100,15.612334,0,0,0,0.0,0
-206.6,100,15.690251,0,0,0,0.0,0
-215.3,100,15.769712,0,0,0,0.0,0
-194.9,100,15.858142,0,0,0,0.0,0
-208.6,100,15.946848,0,0,0,0.0,0
-61.0,100,16.033315,0,0,0,0.0,0
-185.3,100,16.106131,0,0,0,0.0,0
-212.5,100,16.200212,0,0,0,0.0,0
-199.9,100,16.280577,0,0,0,0.0,0
-208.6,100,16.35222,0,0,0,0.0,0
-169.8,100,16.438517,0,0,0,0.0,0
-208.3,100,16.527714,0,0,0,0.0,0
-133.4,100,16.612602,0,0,0,0.0,0
-147.6,100,16.702446,0,0,0,0.0,0
-202.9,100,16.788449,0,0,0,0.0,0
-221.6,100,16.866441,0,0,0,0.0,0
2.0,100,16.955812,0,0,0,0.0,0
-67.0,100,17.036134,0,0,0,0.0,0
2.0,100,18.102397,0,0,0,0.0,0
-117.5,100,18.193248,0,0,0,0.0,0
-210.2,100,18.266979,0,0,0,0.0,0
-201.5,100,18.354118,0,0,0,0.0,0
-206.5,100,18.429003,0,0,0,0.0,0
-221.2,100,18.514387,0,0,0,0.0,0
-215.9,100,18.598083,0,0,0,0.0,0
-210.5,100,18.679076,0,0,0,0.0,0
-208.5,100,18.752265,0,0,0,0.0,0
-189.7,100,18.831199,0,0,0,0.0,0
0.8,100,18.926159,0,0,0,0.0,0
-225.0,100,19.019216,0,0,0,0.0,0
-198.9,100,19.107533,0,0,0,0.0,0
-144.6,100,19.199368,0,0,0,0.0,0
-218.4,100,19.279148,0,0,0,0.0,0
-180.9,100,19.35223,0,0,0,0.0,0
-212.0,100,19.431693,0,0,0,0.0,0
-222.3,100,19.520457,0,0,0,0.0,0
-199.0,100,19.605162,0,0,0,0.0,0
-214.5,100,19.686248,0,0,0,0.0,0
-203.3,100,19.759041,0,0,0,0.0,0
-151.8,100,20.850592,0,0,0,0.0,0
-150.2,100,20.935994,0,0,0,0.0,0
-198.3,100,21.020905,0,0,0,0.0,0
-219.3,100,21.10236,0,0,0,0.0,0
-130.2,100,21.191797,0,0,0,0.0,0
-207.0,100,21.279,0,0,0,0.0,0
-213.3,100,21.352119,0,0,0,0.0,0
-220.5,100,21.446662,0,0,0,1.0,0
-195.0,100,21.523777,0,0,0,0.0,0
-204.1,100,21.60521,0,0,0,0.0,0
-212.3,100,21.686329,0,0,0,0.0,0
-209.3,100,21.768346,0,0,0,0.0,0
-152.6,100,21.853927,0,0,0,0.0,0
-196.6,100,21.928884,0,0,0,0.0,0
-111.3,100,22.003115,0,0,0,0.0,0
-208.2,100,22.094033,0,0,0,0.0,0
-232.4,100,22.18806,0,0,0,0.0,0
-220.6,100,22.26538,0,0,0,0.0,0
-188.6,100,22.335927,0,0,0,0.0,0
-225.0,100,22.430599,0,0,0,0.0,0
-203.5,100,23.514424,0,0,0,0.0,0
-201.9,100,23.604168,0,0,0,0.0,0
-141.1,100,23.679015,0,0,0,0.0,0
-194.5,100,23.752362,0,0,0,0.0,0
-187.6,100,23.839816,0,0,0,0.0,0
-217.1,100,23.92889,0,0,0,0.0,0
-207.2,100,24.002039,0,0,0,0.0,0
-173.0,100,24.108696,0,0,0,0.0,0
-160.0,100,24.204326,0,0,0,0.0,0
-187.9,100,24.289402,0,0,0,0.0,0
-215.7,100,24.364292,0,0,0,0.0,0
-118.9,100,24.458082,0,0,0,0.0,0
-188.9,100,24.537509,0,0,0,0.0,0
-193.0,100,24.616434,0,0,0,0.0,0
-212.6,100,24.691177,0,0,0,0.0,0
-225.5,100,24.774172,0,0,0,0.0,0
-7.9,100,24.858161,0,0,0,0.0,0
-197.2,100,24.948666,0,0,0,0.0,0
-200.4,100,25.035001,0,0,0,0.0,0
-216.5,100,25.110116,0,0,0,0.0,0
1.8,100,25.202055,0,0,0,0.0,0
-211.9,100,26.267634,0,0,0,0.0,0
-225.6,100,26.351119,0,0,0,0.0,0
-203.9,100,26.423959,0,0,0,0.0,0
-204.4,100,26.502701,0,0,0,0.0,0
-216.5,100,26.578755,0,0,0,0.0,0
-210.7,100,26.652118,0,0,0,0.0,0
-224.0,100,26.736474,0,0,0,0.0,0
-212.4,100,26.820431,0,0,0,0.0,0
-225.1,100,26.891584,0,0,0,0.0,0
-221.9,100,26.974774,0,0,0,0.0,0
-189.6,100,27.04622,0,0,0,0.0,0
-145.6,100,27.136154,0,0,0,0.0,0
-209.8,100,27.205986,0,0,0,0.0,0
-203.7,100,27.286862,0,0,0,0.0,0
-205.5,100,27.365887,0,0,0,0.0,0
-203.6,100,27.456003,0,0,0,0.0,0
-184.9,100,28.736276,0,0,0,0.0,0
-212.0,100,28.810012,0,0,0,0.0,0
-192.9,100,28.890163,0,0,0,0.0,0
-2.2,100,28.974872,0,0,0,0.0,0
-225.3,100,30.080653,0,0,0,0.0,0
-227.0,100,30.158951,0,0,0,0.0,0
-199.0,100,30.236813,0,0,0,0.0,0
-72.1,100,30.327182,0,0,0,0.0,0
-222.1,100,30.4024,0,0,0,0.0,0
-201.8,100,30.480917,0,0,0,0.0,0
-91.0,100,30.571168,0,0,0,0.0,0
-203.4,100,30.648077,0,0,0,0.0,0
-197.0,100,30.727539,0,0,0,0.0,0
-200.5,100,30.810276,0,0,0,0.0,0
-210.8,100,30.886071,0,0,0,0.0,0
-157.5,100,30.969583,0,0,0,0.0,0
-78.0,100,31.052385,0,0,0,0.0,0
-191.8,100,31.129181,0,0,0,0.0,0
-1.0,100,31.217767,0,0,0,0.0,0
2.0,100,31.297759,0,0,0,0.0,0
-208.1,100,31.385268,0,0,0,0.0,0
-220.1,100,31.47532,0,0,0,0.0,0
-196.2,100,31.556184,0,0,0,0.0,0
-217.0,100,31.630837,0,0,0,0.0,0
-207.5,100,31.705999,0,0,0,0.0,0
-188.7,100,32.781195,0,0,0,0.0,0
-207.5,100,32.859681,0,0,0,0.0,0
-206.2,100,32.93708,0,0,0,0.0,0
-229.5,100,33.015314,0,0,0,0.0,0
-204.0,100,33.102084,0,0,0,0.0,0
-206.3,100,33.178832,0,0,0,0.0,0
-187.1,100,33.253854,0,0,0,0.0,0
-156.6,100,33.346164,0,0,0,0.0,0
-37.8,100,33.430079,0,0,0,0.0,0
1.6,100,33.514394,0,0,0,0.0,0
-190.8,100,33.59417,0,0,0,0.0,0
-0.2,100,33.679136,0,0,0,0.0,0
-195.0,100,33.756456,0,0,0,0.0,0
-212.1,100,33.835977,0,0,0,0.0,0
-208.1,100,33.920259,0,0,0,0.0,0
-115.7,100,34.006159,0,0,0,0.0,0
-128.7,100,34.09183,0,0,0,0.0,0
-187.3,100,34.180926,0,0,0,0.0,0
-192.9,100,34.262105,0,0,0,0.0,0
-202.9,100,34.368176,0,0,0,0.0,0
-218.9,100,35.480911,0,0,0,0.0,0
-215.8,100,35.553659,0,0,0,0.0,0
-169.1,100,35.652211,0,0,0,0.0,0
-211.2,100,35.735471,0,0,0,0.0,0
-217.9,100,35.807521,0,0,0,0.0,0
-36.6,100,35.905109,0,0,0,0.0,0
-202.4,100,35.985897,0,0,0,0.0,0
-208.6,100,36.06415,0,0,0,0.0,0
-0.4,100,36.154322,0,0,0,0.0,0
-200.6,100,36.235966,0,0,0,0.0,0
-142.1,100,36.318893,0,0,0,0.0,0
-195.7,100,36.395798,0,0,0,0.0,0
-175.5,100,36.486167,0,0,0,0.0,0
1.2,100,36.580925,0,0,0,0.0,0
-209.0,100,36.661161,0,0,0,0.0,0
-216.8,100,36.740169,0,0,0,0.0,0
-211.7,100,36.818352,0,0,0,0.0,0
-156.6,100,36.906083,0,0,0,0.0,0
-208.2,100,36.982692,0,0,0,0.0,0
-194.2,100,37.062374,0,0,0,0.0,0
-197.4,100,37.14769,0,0,0,0.0,0
-155.9,100,38.199951,0,0,0,0.0,0
-197.6,100,38.278971,0,0,0,0.0,0
-212.1,100,38.358202,0,0,0,0.0,0
-196.7,100,38.442096,0,0,0,0.0,0
-208.0,100,38.52319,0,0,0,0.0,0
-206.2,100,38.604825,0,0,0,0.0,0
-210.8,100,38.688329,0,0,0,0.0,0
-212.7,100,38.760255,0,0,0,0.0,0
-203.2,100,38.844311,0,0,0,0.0,0
-185.5,100,38.919723,0,0,0,0.0,0
-202.4,100,39.000304,0,0,0,0.0,0
-182.6,100,39.079497,0,0,0,0.0,0
-207.8,100,39.158491,0,0,0,0.0,0
2.0,100,39.244617,0,0,0,0.0,0
-202.1,100,39.328884,0,0,0,0.0,0
-200.3,100,39.421499,0,0,0,0.0,0
-2.4,100,39.522925,0,0,0,0.0,0
-205.8,100,39.602221,0,0,0,0.0,0
-227.4,100,39.681437,0,0,0,0.0,0
-206.0,100,39.756831,0,0,0,0.0,0
-196.5,100,40.829615,0,0,0,0.0,0
-195.3,100,40.908449,0,0,0,0.0,0
-207.3,100,40.986104,0,0,0,0.0,0
-1.2,100,41.068774,0,0,0,0.0,0
-206.4,100,41.140033,0,0,0,0.0,0
-183.2,100,41.236197,0,0,0,0.0,0
-0.8,100,41.322429,0,0,0,0.0,0
-203.8,100,41.398002,0,0,0,0.0,0
-208.4,100,41.46632,0,0,0,0.0,0
-195.9,100,41.546156,0,0,0,0.0,0
-199.0,100,41.636153,0,0,0,0.0,0
-169.5,100,41.720084,0,0,0,0.0,0
-221.2,100,41.817796,0,0,0,0.0,0
-208.6,100,41.906065,0,0,0,0.0,0
-226.8,100,43.331032,2,0,0,2.0,0
-208.4,100,43.412699,0,0,0,0.0,0
-226.2,100,43.497612,0,0,0,0.0,0
-191.2,100,43.581615,0,0,0,0.0,0
-177.1,100,43.6709,0,0,0,0.0,0
-205.4,100,43.75217,0,0,0,0.0,0
-214.3,100,43.846008,0,0,0,0.0,0
-204.5,100,45.040432,0,0,0,0.0,0
-222.4,100,45.126088,0,0,0,0.0,0
-207.1,100,45.202425,0,0,0,0.0,0
-208.3,100,45.300951,0,0,0,0.0,0
-202.0,100,45.388199,0,0,0,0.0,0
-184.6,100,45.471699,0,0,0,0.0,0
-213.0,100,45.552811,0,0,0,0.0,0
-211.0,100,45.635878,0,0,0,0.0,0
-196.7,100,45.711718,0,0,0,0.0,0
-196.6,100,45.784836,0,0,0,0.0,0
-215.5,100,45.864203,0,0,0,0.0,0
-192.5,100,45.944267,0,0,0,0.0,0
-192.1,100,46.010214,0,0,0,0.0,0
-154.9,100,46.109142,0,0,0,0.0,0
-193.8,100,46.185882,0,0,0,0.0,0
-49.1,100,46.285924,0,0,0,0.0,0
-155.6,100,46.361449,0,0,0,0.0,0
-201.8,100,46.457798,0,0,0,0.0,0
-208.6,100,46.535988,0,0,0,0.0,0
1.3,100,46.627655,0,0,0,0.0,0
-87.7,100,47.707239,0,0,0,0.0,0
-212.4,100,47.796855,0,0,0,0.0,0
-218.1,100,47.879065,0,0,0,0.0,0
-205.2,100,47.962087,0,0,0,0.0,0
-222.4,100,48.036331,0,0,0,0.0,0
-214.5,100,48.127396,0,0,0,0.0,0
-194.0,100,48.206071,0,0,0,0.0,0
-196.9,100,48.282976,0,0,0,0.0,0
-227.7,100,48.358111,0,0,0,0.0,0
-198.9,100,48.439262,0,0,0,0.0,0
-182.7,100,48.519222,0,0,0,0.0,0
-229.5,100,48.60481,0,0,0,0.0,0
-209.0,100,48.686997,0,0,0,0.0,0
-186.2,100,48.780663,0,0,0,0.0,0
-122.7,100,48.867027,0,0,0,0.0,0
-95.5,100,48.952061,0,0,0,0.0,0
-154.8,100,49.036016,0,0,0,0.0,0
-183.7,100,49.125335,0,0,0,0.0,0
-217.8,100,49.209296,0,0,0,0.0,0
-207.3,100,49.295281,0,0,0,0.0,0
-112.4,100,49.389625,0,0,0,0.0,0
-198.1,100,50.522841,0,0,0,0.0,0
-209.6,100,50.608603,0,0,0,0.0,0
2.0,100,50.696422,0,0,0,0.0,0
-119.3,100,50.778948,0,0,0,0.0,0
-203.9,100,50.856506,0,0,0,0.0,0
-202.6,100,50.936853,0,0,0,0.0,0
-73.7,100,51.018018,0,0,0,0.0,0
1.0,100,51.112993,0,0,0,0.0,0
-203.2,100,51.196515,0,0,0,0.0,0
-163.7,100,51.278866,0,0,0,0.0,0
-183.6,100,51.368452,0,0,0,0.0,0
-198.1,100,51.449399,0,0,0,0.0,0
-175.0,100,51.538645,0,0,0,0.0,0
-218.0,100,51.619229,0,0,0,0.0,0
-204.7,100,51.702243,0,0,0,0.0,0
-126.5,100,51.794725,0,0,0,0.0,0
-202.9,100,51.857202,0,0,0,0.0,0
-212.8,100,51.958241,0,0,0,0.0,0
-216.9,100,52.038045,0,0,0,0.0,0
-212.7,100,52.113704,0,0,0,0.0,0
-205.0,100,53.19327,0,0,0,0.0,0
-202.4,100,53.26967,0,0,0,0.0,0
-175.7,100,53.352362,0,0,0,0.0,0
-226.4,100,53.428721,0,0,0,0.0,0
-5.3,100,53.522345,0,0,0,0.0,0
-202.6,100,53.60426,0,0,0,0.0,0
-204.1,100,53.686228,0,0,0,0.0,0
-211.3,100,53.766387,0,0,0,0.0,0
-188.9,100,53.841225,8,0,0,1.0,1
-212.5,100,53.928754,0,0,0,0.0,0
-206.0,100,54.01251,0,0,0,0.0,0
-215.1,100,54.101603,0,0,0,0.0,0
-206.0,100,54.188375,0,0,0,0.0,0
-216.6,100,54.2703,0,0,0,0.0,0
-121.5,100,54.368211,0,0,0,0.0,0
-208.4,100,54.452204,0,0,0,0.0,0
-203.3,100,54.532962,0,0,0,0.0,0
-212.1,100,54.622721,0,0,0,0.0,0
-175.0,100,54.709515,0,0,0,0.0,0
-211.6,100,54.805643,0,0,0,0.0,0
-214.7,100,54.896114,0,0,0,0.0,0
-223.3,100,56.006417,0,0,0,0.0,0
-192.8,100,56.096167,0,0,0,0.0,0
-199.6,100,56.171204,0,0,0,0.0,0
-90.5,100,56.262015,0,0,0,0.0,0
-210.8,100,56.335863,0,0,0,0.0,0
-213.6,100,56.412403,0,0,0,0.0,0
-214.5,100,56.502102,0,0,0,0.0,0
-100.1,100,56.594722,0,0,0,0.0,0
-206.4,100,56.666371,0,0,0,0.0,0
-205.8,100,56.760759,0,0,0,0.0,0
1.4,100,56.844275,0,0,0,0.0,0
-201.8,100,58.186269,0,0,0,0.0,0
-216.8,100,58.260669,0,0,0,0.0,0
-68.5,100,58.337876,0,0,0,0.0,0
2.0,100,58.432876,0,0,0,0.0,0
-122.8,100,58.512407,0,0,0,0.0,0
-188.0,100,58.603267,0,0,0,0.0,0
-189.5,100,58.682769,0,0,0,0.0,0
-201.3,100,58.752988,0,0,0,0.0,0
-203.7,100,58.835864,0,0,0,0.0,0
-219.1,100,59.926196,0,0,0,0.0,0
-215.1,100,60.012892,0,0,0,0.0,0
-98.5,100,60.107999,0,0,0,0.0,0
-217.6,100,60.202163,0,0,0,0.0,0
-211.3,100,60.287232,0,0,0,0.0,0
-208.2,100,60.364387,0,0,0,0.0,0
-230.5,100,60.449636,0,0,0,0.0,0
-211.5,100,60.535965,0,0,0,0.0,0
-199.7,100,60.617751,0,0,0,0.0,0
-197.0,100,60.700315,0,0,0,0.0,0
-211.6,100,60.786163,0,0,0,0.0,0
-229.9,100,60.857115,0,0,0,0.0,0
-216.5,100,60.936101,0,0,0,0.0,0
-204.9,100,61.010726,0,0,0,0.0,0
-196.5,100,61.090527,0,0,0,0.0,0
-196.9,100,61.177115,0,0,0,0.0,0
-9.7,100,61.26007,0,0,0,0.0,0
-198.3,100,61.336268,0,0,0,0.0,0
-211.4,100,61.414423,0,0,0,0.0,0
1.0,100,61.50461,0,0,0,0.0,0
-203.4,100,61.588086,0,0,0,0.0,0
-216.4,100,62.653073,0,0,0,0.0,0
-195.5,100,62.734599,0,0,0,0.0,0
-201.2,100,62.815936,0,0,0,0.0,0
-189.9,100,62.893417,0,0,0,0.0,0
-175.2,100,62.988094,0,0,0,0.0,0
-42.6,100,63.075888,0,0,0,0.0,0
-195.3,100,63.152339,0,0,0,0.0,0
-1.9,100,63.240401,0,0,0,0.0,0
-213.1,100,63.320958,0,0,0,0.0,0
1.4,100,63.398414,0,0,0,0.0,0
-132.8,100,63.487402,0,0,0,0.0,0
-201.6,100,63.574253,0,0,0,0.0,0
-166.0,100,63.653732,0,0,0,0.0,0
-198.6,100,63.748933,0,0,0,0.0,0
-203.9,100,63.829501,0,0,0,0.0,0
-214.5,100,63.90822,0,0,0,0.0,0
-198.3,100,63.989408,0,0,0,0.0,0
-198.4,100,64.069049,0,0,0,0.0,0
-210.5,100,64.161212,0,0,0,0.0,0
-212.2,100,64.247131,0,0,0,0.0,0
-199.4,100,65.418284,1,0,0,4.0,0
-197.0,100,65.508364,0,0,0,0.0,0
-191.4,100,65.586122,0,0,0,0.0,0
-203.0,100,65.672965,0,0,0,0.0,0
-213.9,100,65.750715,0,0,0,0.0,0
-185.9,100,65.82891,0,0,0,0.0,0
-175.5,100,65.907911,0,0,0,0.0,0
-208.7,100,65.9921,0,0,0,0.0,0
-177.9,100,66.080739,0,0,0,0.0,0
-196.3,100,66.162256,0,0,0,0.0,0
-210.5,100,66.253197,0,0,0,0.0,0
-124.5,100,66.343745,0,0,0,0.0,0
-192.5,100,66.42136,0,0,0,0.0,0
-207.0,100,66.502228,0,0,0,0.0,0
1.8,100,66.588078,0,0,0,0.0,0
-212.8,100,66.676723,0,0,0,0.0,0
-212.1,100,66.76902,0,0,0,0.0,0
-210.8,100,66.850238,0,0,0,0.0,0
-197.5,100,66.928859,0,0,0,0.0,0
-209.0,100,67.010023,0,0,0,0.0,0
-148.6,100,67.100138,0,0,0,0.0,0
-208.7,100,68.202161,0,0,0,0.0,0
-205.8,100,68.281093,0,0,0,0.0,0
-216.1,100,68.360093,0,0,0,0.0,0
-209.3,100,68.437159,0,0,0,0.0,0
-209.7,100,68.515187,0,0,0,0.0,0
-215.7,100,68.599041,0,0,0,0.0,0
-176.0,100,68.680853,0,0,0,0.0,0
-194.0,100,68.764,0,0,0,0.0,0
-184.7,100,68.837212,0,0,0,0.0,0
1.0,100,68.935872,0,0,0,0.0,0
-197.4,100,69.004181,0,0,0,0.0,0
-195.4,100,69.095968,0,0,0,0.0,0
-208.3,100,69.176203,0,0,0,0.0,0
-216.6,100,69.255893,0,0,0,0.0,0
-212.0,100,69.336339,0,0,0,0.0,0
-208.4,100,69.414042,0,0,0,0.0,0
-210.3,100,69.50221,0,0,0,0.0,0
-23.3,100,69.602534,0,0,0,0.0,0
-84.9,100,69.687284,0,0,0,0.0,0
-197.2,100,69.765852,0,0,0,0.0,0
-198.0,100,70.936041,0,0,0,0.0,0
-210.3,100,71.00721,0,0,0,0.0,0
-212.0,100,71.101339,0,0,0,0.0,0
-196.8,100,71.19679,0,0,0,0.0,0
-97.5,100,71.307898,0,0,0,0.0,0
-194.0,100,71.405768,0,0,0,0.0,0
-212.6,100,71.503662,0,0,0,0.0,0
-212.8,100,71.600152,0,0,0,0.0,0
-208.2,100,71.682461,0,0,0,0.0,0
-155.6,100,73.103409,0,0,0,0.0,0
-199.0,100,73.194002,0,0,0,0.0,0
-198.1,100,73.281446,0,0,0,0.0,0
2.0,100,73.380398,0,0,0,0.0,0
-197.6,100,73.476152,0,0,0,0.0,0
-207.4,100,73.568695,0,0,0,0.0,0
-200.3,100,73.659327,0,0,0,0.0,0
-197.3,100,73.742218,0,0,0,0.0,0
-204.6,100,73.82885,0,0,0,0.0,0
-192.1,100,73.904763,0,0,0,0.0,0
-213.7,100,73.992503,0,0,0,0.0,0
-70.1,100,74.081069,0,0,0,0.0,0
-197.7,100,75.266954,0,0,0,0.0,0
-191.4,100,75.368775,0,0,0,0.0,0
-184.9,100,75.458347,0,0,0,0.0,0
-207.9,100,75.536052,0,0,0,0.0,0
-184.6,100,75.65234,0,0,0,0.0,0
-206.9,100,75.742311,0,0,0,0.0,0
-182.0,100,75.832819,0,0,0,0.0,0
2.0,100,75.915554,0,0,0,0.0,0
-210.4,100,76.005809,0,0,0,0.0,0
-203.4,100,76.098048,0,0,0,0.0,0
-221.3,100,76.180514,0,0,0,0.0,0
-214.7,100,76.266187,0,0,0,0.0,0
-211.9,100,76.343586,0,0,0,0.0,0
-191.3,100,76.429269,5,0,0,3.0,1
-205.8,100,76.512663,0,0,0,0.0,0
-202.0,100,76.592028,0,0,0,0.0,0
-174.8,100,76.671828,0,0,0,0.0,0
-208.7,100,76.753672,0,0,0,0.0,0
1.0,100,76.852138,0,0,0,0.0,0
-214.5,100,76.936126,0,0,0,0.0,0
-219.0,100,78.052418,0,0,0,0.0,0
-203.4,100,78.12903,0,0,0,0.0,0
-217.3,100,78.215565,0,0,0,0.0,0
-195.3,100,78.295681,0,0,0,0.0,0
-217.7,100,78.378714,0,0,0,0.0,0
-158.9,100,78.472361,0,0,0,0.0,0
-197.0,100,78.553274,0,0,0,0.0,0
2.0,100,78.652333,0,0,0,0.0,0
-210.4,100,78.739009,0,0,0,0.0,0
-204.3,100,78.819784,0,0,0,0.0,0
-207.4,100,78.904127,0,0,0,0.0,0
-219.7,100,78.979613,0,0,0,0.0,0
-189.3,100,79.064724,0,0,0,0.0,0
-207.3,100,79.147449,0,0,0,0.0,0
-195.0,100,79.228861,0,0,0,0.0,0
-210.8,100,79.312327,0,0,0,0.0,0
-194.5,100,79.392168,0,0,0,0.0,0
-179.6,100,79.475913,0,0,0,0.0,0
-214.6,100,79.55635,0,0,0,0.0,0
-106.5,100,79.648458,0,0,0,0.0,0
-215.1,100,80.818137,0,0,0,0.0,0
-196.0,100,80.900092,0,0,0,0.0,0
-171.7,100,80.994952,0,0,0,0.0,0
-206.0,100,81.078942,0,0,0,0.0,0
-144.4,100,81.171707,0,0,0,0.0,0
-214.2,100,81.252349,0,0,0,0.0,0
-206.1,100,81.31615,0,0,0,0.0,0
-209.7,100,81.412939,0,0,0,0.0,0
-0.6,100,81.504444,0,0,0,0.0,0
-44.6,100,81.597545,0,0,0,0.0,0
-195.6,100,81.676372,0,0,0,0.0,0
-157.3,100,81.763862,0,0,0,0.0,0
-189.9,100,81.852512,0,0,0,0.0,0
-202.8,100,81.928678,0,0,0,0.0,0
-196.2,100,82.012401,0,0,0,0.0,0
-200.5,100,82.091446,0,0,0,0.0,0
-27.6,100,82.190108,0,0,0,0.0,0
-212.1,100,82.271573,0,0,0,0.0,0
-151.5,100,82.365617,0,0,0,0.0,0
-213.2,100,82.449961,0,0,0,0.0,0
-198.2,100,82.528957,0,0,0,0.0,0
-214.0,100,83.67639,0,0,0,0.0,0
0.8,100,83.769873,0,0,0,0.0,0
-187.1,100,83.852239,0,0,0,0.0,0
-217.6,100,83.937116,0,0,0,0.0,0
-175.8,100,84.028881,0,0,0,0.0,0
-208.1,100,84.114852,0,0,0,0.0,0
-209.6,100,84.210626,0,0,0,0.0,0
-199.8,100,84.306422,0,0,0,0.0,0
-208.3,100,84.395849,0,0,0,0.0,0
-205.1,100,84.490338,0,0,0,0.0,0
-13.1,100,84.581152,0,0,0,0.0,0
-218.3,100,84.661139,0,0,0,0.0,0
-218.9,100,84.767941,0,0,0,0.0,0
-207.7,100,84.849916,0,0,0,0.0,0
-113.5,100,84.938325,0,0,0,0.0,0
-206.7,100,85.019541,0,0,0,0.0,0
-213.7,100,85.10734,0,0,0,0.0,0
-209.7,100,85.198077,0,0,0,0.0,0
-196.3,100,85.284323,0,0,0,0.0,0
-169.8,100,85.361757,0,0,0,0.0,0
-215.8,100,86.529047,0,0,0,0.0,0
-211.5,100,86.612768,0,0,0,0.0,0
-200.5,100,86.696051,0,0,0,0.0,0
-227.4,100,86.773685,0,0,0,0.0,0
-169.4,100,86.859121,0,0,0,0.0,0
-187.3,100,86.936072,0,0,0,0.0,0
-211.3,100,87.022562,0,0,0,0.0,0
-162.3,100,88.452607,0,0,0,0.0,0
-215.0,100,88.53161,0,0,0,0.0,0
-194.2,100,88.608965,0,0,0,0.0,0
-213.6,100,88.692165,0,0,0,0.0,0
-212.5,100,88.767812,0,0,0,0.0,0
-201.4,100,88.852395,0,0,0,0.0,0
-205.3,100,88.935967,0,0,0,0.0,0
